date,venue,city,country,lat,long,tour,songs
2024-10-05,Ferguson Center for the Arts,Newport News,US,36.9787588,-76.428003,,"['Start Me Up', '19th Nervous Breakdown', ""Can't You Hear Me Knocking"", 'Miss You', 'Gimme Shelter', 'The Last Time', ""Ain't Too Proud to Beg"", 'Under My Thumb', 'Honky Tonk Women', ""Jumpin' Jack Flash"", 'Beast of Burden', 'Paint It Black', 'Sympathy for the Devil', 'Tumbling Dice', 'Happy', 'Brown Sugar', ""You Can't Always Get What You Want"", ""(I Can't Get No) Satisfaction""]"
2024-09-14,Her Majesty's Theatre,Adelaide,AU,-34.9333333,138.6,,['Brown Sugar']
2024-08-10,State Theatre,Sydney,AU,-33.8678499639382,151.207323074341,,"['Brown Sugar', 'Sway', 'Wild Horses', ""Can't You Hear Me Knocking"", 'You Gotta Move', 'Bitch', 'I Got the Blues', 'Sister Morphine', 'Dead Flowers', 'Moonlight Mile', 'Start Me Up', 'Honky Tonk Women', 'Waiting on a Friend', 'Get Off of My Cloud', 'Paint It Black', 'Midnight Rambler', 'Beast of Burden', 'Miss You', ""It's Only Rock 'n' Roll (but I Like It)"", 'Sympathy for the Devil', 'Gimme Shelter', ""Jumpin' Jack Flash"", ""You Can't Always Get What You Want"", ""(I Can't Get No) Satisfaction""]"
2024-08-09,Llewellyn Hall,Canberra,AU,-35.2834624726481,149.128074645996,,"['Brown Sugar', 'Sway', 'Wild Horses', ""Can't You Hear Me Knocking"", 'You Gotta Move', 'Bitch', 'I Got the Blues', 'Sister Morphine', 'Dead Flowers', 'Moonlight Mile', 'Start Me Up', 'Honky Tonk Women', 'Waiting on a Friend', 'Get Off of My Cloud', 'Paint It Black', 'Midnight Rambler', 'Tumbling Dice', 'Beast of Burden', 'Miss You', ""It's Only Rock 'n' Roll (but I Like It)"", 'Sympathy for the Devil', 'Gimme Shelter', ""Jumpin' Jack Flash"", ""You Can't Always Get What You Want"", ""(I Can't Get No) Satisfaction""]"
2024-07-21,Thunder Ridge Nature Arena,Ridgedale,US,36.50395,-93.22379,Hackney Diamonds,"['Start Me Up', 'Get Off of My Cloud', 'Tumbling Dice', 'Angry', 'Let It Bleed', 'Street Fighting Man', 'Whole Wide World', 'Mess It Up', ""You Can't Always Get What You Want"", 'You Got the Silver', 'Little T&A', 'Before They Make Me Run', 'Sympathy for the Devil', 'Honky Tonk Women', 'Midnight Rambler', 'Gimme Shelter', 'Paint It Black', ""Jumpin' Jack Flash"", 'Sweet Sounds of Heaven', ""(I Can't Get No) Satisfaction""]"
2024-07-17,Levi's Stadium,Santa Clara,US,37.354108,-121.9552356,Hackney Diamonds,"['Start Me Up', 'Get Off of My Cloud', 'Tumbling Dice', 'Angry', 'Far Away Eyes', 'Like a Rolling Stone', 'Bite My Head Off', 'Mess It Up', ""You Can't Always Get What You Want"", 'You Got the Silver', 'Little T&A', 'Before They Make Me Run', 'Sympathy for the Devil', 'Honky Tonk Women', 'Midnight Rambler', 'Gimme Shelter', 'Paint It Black', ""Jumpin' Jack Flash"", 'Sweet Sounds of Heaven', ""(I Can't Get No) Satisfaction""]"
2024-07-13,SoFi Stadium,Inglewood,US,33.9616801,-118.3531311,Hackney Diamonds,"['Start Me Up', 'Get Off of My Cloud', 'Tumbling Dice', 'Angry', 'Doo Doo Doo Doo Doo (Heartbreaker)', 'Fool to Cry', 'Whole Wide World', 'Monkey Man', ""You Can't Always Get What You Want"", 'You Got the Silver', 'Little T&A', 'Before They Make Me Run', 'Sympathy for the Devil', 'Honky Tonk Women', 'Miss You', 'Gimme Shelter', 'Paint It Black', ""Jumpin' Jack Flash"", 'Sweet Sounds of Heaven', ""(I Can't Get No) Satisfaction""]"
2024-07-10,SoFi Stadium,Inglewood,US,33.9616801,-118.3531311,Hackney Diamonds,"['Start Me Up', 'You Got Me Rocking', ""It's Only Rock 'n' Roll (but I Like It)"", 'Angry', 'Beast of Burden', 'Wild Horses', 'Mess It Up', 'Tumbling Dice', ""You Can't Always Get What You Want"", 'Tell Me Straight', 'Little T&A', 'Before They Make Me Run', 'Sympathy for the Devil', 'Honky Tonk Women', 'Midnight Rambler', 'Gimme Shelter', 'Paint It Black', ""Jumpin' Jack Flash"", 'Sweet Sounds of Heaven', ""(I Can't Get No) Satisfaction""]"
2024-07-05,BC Place Stadium,Vancouver,CA,49.249657393,-123.119340403,Hackney Diamonds,"['Start Me Up', ""Let's Spend the Night Together"", 'Bitch', 'Angry', 'Street Fighting Man', 'Wild Horses', 'Mess It Up', 'Tumbling Dice', ""You Can't Always Get What You Want"", 'Tell Me Straight', 'Little T&A', 'Before They Make Me Run', 'Sympathy for the Devil', 'Honky Tonk Women', 'Midnight Rambler', 'Gimme Shelter', 'Paint It Black', ""Jumpin' Jack Flash"", 'Sweet Sounds of Heaven', ""(I Can't Get No) Satisfaction""]"
2024-06-30,Soldier Field,Chicago,US,41.850033,-87.6500523,Hackney Diamonds,"['Start Me Up', ""Let's Spend the Night Together"", 'Rocks Off', 'Angry', 'Shattered', 'Dead Flowers', 'Whole Wide World', 'Tumbling Dice', ""You Can't Always Get What You Want"", 'Tell Me Straight', 'Little T&A', 'Before They Make Me Run', 'Sympathy for the Devil', 'Honky Tonk Women', 'Miss You', 'Gimme Shelter', 'Paint It Black', ""Jumpin' Jack Flash"", 'Sweet Sounds of Heaven', ""(I Can't Get No) Satisfaction""]"
2024-06-27,Soldier Field,Chicago,US,41.850033,-87.6500523,Hackney Diamonds,"['Start Me Up', 'Get Off of My Cloud', ""It's Only Rock 'n' Roll (but I Like It)"", 'Angry', ""She's a Rainbow"", 'Wild Horses', 'Mess It Up', 'Tumbling Dice', ""You Can't Always Get What You Want"", 'Tell Me Straight', 'Little T&A', 'Happy', 'Sympathy for the Devil', 'Honky Tonk Women', 'Midnight Rambler', 'Gimme Shelter', 'Paint It Black', ""Jumpin' Jack Flash"", 'Sweet Sounds of Heaven', ""(I Can't Get No) Satisfaction""]"
2024-06-20,Empower Field at Mile High,Denver,US,39.7391536,-104.9847034,Hackney Diamonds,"['Start Me Up', ""It's Only Rock 'n' Roll (but I Like It)"", 'Bitch', 'Angry', 'Let It Bleed', 'Wild Horses', 'Mess It Up', 'Tumbling Dice', ""You Can't Always Get What You Want"", 'Tell Me Straight', 'Little T&A', 'Happy', 'Sympathy for the Devil', 'Honky Tonk Women', 'Midnight Rambler', 'Gimme Shelter', 'Paint It Black', ""Jumpin' Jack Flash"", 'Sweet Sounds of Heaven', ""(I Can't Get No) Satisfaction""]"
2024-06-15,Cleveland Browns Stadium,Cleveland,US,41.4994954,-81.6954088,Hackney Diamonds,"['Start Me Up', ""It's Only Rock 'n' Roll (but I Like It)"", ""Let's Spend the Night Together"", 'Angry', 'Doo Doo Doo Doo Doo (Heartbreaker)', 'Monkey Man', 'Whole Wide World', 'Tumbling Dice', ""You Can't Always Get What You Want"", 'Tell Me Straight', 'Little T&A', 'Happy', 'Sympathy for the Devil', 'Honky Tonk Women', 'Miss You', 'Gimme Shelter', 'Paint It Black', ""Jumpin' Jack Flash"", ""(I Can't Get No) Satisfaction""]"
2024-06-11,Lincoln Financial Field,Philadelphia,US,39.952335,-75.163789,Hackney Diamonds,"['Start Me Up', ""It's Only Rock 'n' Roll (but I Like It)"", ""Let's Spend the Night Together"", 'Angry', ""She's a Rainbow"", 'Monkey Man', 'Tumbling Dice', 'Mess It Up', ""You Can't Always Get What You Want"", 'Tell Me Straight', 'Little T&A', 'Happy', 'Sympathy for the Devil', 'Honky Tonk Women', 'Midnight Rambler', 'Gimme Shelter', 'Paint It Black', ""Jumpin' Jack Flash"", ""(I Can't Get No) Satisfaction""]"
2024-06-07,Mercedes-Benz Stadium,Atlanta,US,33.7489954,-84.3879824,Hackney Diamonds,"['Start Me Up', ""It's Only Rock 'n' Roll (but I Like It)"", ""Let's Spend the Night Together"", 'Angry', 'Sweet Virginia', 'Dead Flowers', 'Tumbling Dice', 'Mess It Up', ""You Can't Always Get What You Want"", 'Tell Me Straight', 'Little T&A', 'Happy', 'Sympathy for the Devil', 'Honky Tonk Women', 'Midnight Rambler', 'Gimme Shelter', 'Paint It Black', ""Jumpin' Jack Flash"", ""(I Can't Get No) Satisfaction""]"
2024-06-03,Camping World Stadium,Orlando,US,28.5383355,-81.3792365,Hackney Diamonds,"['Start Me Up', 'Get Off of My Cloud', ""It's Only Rock 'n' Roll (but I Like It)"", 'Angry', ""She's a Rainbow"", 'Dead Flowers', 'Tumbling Dice', 'Whole Wide World', ""You Can't Always Get What You Want"", 'Tell Me Straight', 'Little T&A', 'Sympathy for the Devil', 'Honky Tonk Women', 'Miss You', 'Gimme Shelter', 'Paint It Black', ""Jumpin' Jack Flash"", 'Sweet Sounds of Heaven', ""(I Can't Get No) Satisfaction""]"
2024-05-30,Gillette Stadium,Foxborough,US,42.0653768,-71.2478308,Hackney Diamonds,"['Start Me Up', 'Get Off of My Cloud', 'Bitch', 'Angry', 'Emotional Rescue', 'Tumbling Dice', 'Wild Horses', 'Mess It Up', ""You Can't Always Get What You Want"", 'Tell Me Straight', 'Little T&A', 'Sympathy for the Devil', 'Honky Tonk Women', 'Midnight Rambler', 'Gimme Shelter', 'Paint It Black', ""Jumpin' Jack Flash"", 'Sweet Sounds of Heaven', ""(I Can't Get No) Satisfaction"", 'Exodus']"
2024-05-26,MetLife Stadium,East Rutherford,US,40.833989,-74.0970865,Hackney Diamonds,"['Start Me Up', 'Get Off of My Cloud', 'Bitch', 'Angry', 'Doo Doo Doo Doo Doo (Heartbreaker)', 'Wild Horses', 'Tumbling Dice', 'Whole Wide World', ""You Can't Always Get What You Want"", 'Tell Me Straight', 'Little T&A', 'Sympathy for the Devil', 'Honky Tonk Women', 'Midnight Rambler', 'Gimme Shelter', 'Paint It Black', ""Jumpin' Jack Flash"", 'Sweet Sounds of Heaven', ""(I Can't Get No) Satisfaction"", 'Exodus']"
2024-05-23,MetLife Stadium,East Rutherford,US,40.833989,-74.0970865,Hackney Diamonds,"['Start Me Up', 'Get Off of My Cloud', 'Shattered', 'Angry', ""It's Only Rock 'n' Roll (but I Like It)"", 'Wild Horses', 'Mess It Up', 'Tumbling Dice', ""You Can't Always Get What You Want"", 'You Got the Silver', 'Little T&A', 'Sympathy for the Devil', 'Honky Tonk Women', 'Miss You', 'Gimme Shelter', 'Paint It Black', ""Jumpin' Jack Flash"", 'Sweet Sounds of Heaven', ""(I Can't Get No) Satisfaction""]"
2024-05-15,Lumen Field,Seattle,US,47.6062095,-122.3320708,Hackney Diamonds,"['Start Me Up', 'Get Off of My Cloud', ""Let's Spend the Night Together"", 'Angry', ""It's Only Rock 'n' Roll (but I Like It)"", 'Wild Horses', 'Whole Wide World', 'Tumbling Dice', ""You Can't Always Get What You Want"", 'You Got the Silver', 'Little T&A', 'Sympathy for the Devil', 'Honky Tonk Women', 'Miss You', 'Gimme Shelter', 'Paint It Black', ""Jumpin' Jack Flash"", 'Sweet Sounds of Heaven', ""(I Can't Get No) Satisfaction""]"
2024-05-11,Allegiant Stadium,Las Vegas,US,36.1749705,-115.137223,Hackney Diamonds,"['Start Me Up', 'Get Off of My Cloud', ""Let's Spend the Night Together"", 'Angry', 'Like a Rolling Stone', 'You Got Me Rocking', 'Mess It Up', 'Tumbling Dice', ""You Can't Always Get What You Want"", 'You Got the Silver', 'Little T&A', 'Sympathy for the Devil', 'Honky Tonk Women', 'Miss You', 'Gimme Shelter', 'Paint It Black', ""Jumpin' Jack Flash"", 'Sweet Sounds of Heaven', ""(I Can't Get No) Satisfaction""]"
2024-05-07,State Farm Stadium,Glendale,US,33.5386523,-112.1859866,Hackney Diamonds,"['Start Me Up', ""It's Only Rock 'n' Roll (but I Like It)"", ""She's So Cold"", 'Angry', 'Beast of Burden', 'Monkey Man', 'Mess It Up', 'Tumbling Dice', ""You Can't Always Get What You Want"", 'Little T&A', 'Sympathy for the Devil', 'Honky Tonk Women', 'Miss You', 'Gimme Shelter', 'Paint It Black', ""Jumpin' Jack Flash"", 'Sweet Sounds of Heaven', ""(I Can't Get No) Satisfaction""]"
2024-05-02,Fair Grounds Race Course,New Orleans,US,29.955,-90.075,Hackney Diamonds,"['Start Me Up', 'Get Off of My Cloud', 'Out of Time', 'Angry', 'Let It Bleed', 'Time Is on My Side', 'Whole Wide World', 'Tumbling Dice', ""You Can't Always Get What You Want"", 'Little T&A', 'Sympathy for the Devil', 'Honky Tonk Women', 'Miss You', 'Gimme Shelter', 'Paint It Black', ""Jumpin' Jack Flash"", 'Sweet Sounds of Heaven', ""(I Can't Get No) Satisfaction""]"
2024-04-28,NRG Stadium,Houston,US,29.7632836,-95.3632715,Hackney Diamonds,"['Start Me Up', 'Get Off of My Cloud', 'Rocks Off', 'Out of Time', 'Angry', 'Beast of Burden', 'Mess It Up', 'Tumbling Dice', ""You Can't Always Get What You Want"", 'Little T&A', 'Sympathy for the Devil', 'Gimme Shelter', 'Honky Tonk Women', 'Miss You', 'Paint It Black', ""Jumpin' Jack Flash"", 'Sweet Sounds of Heaven', ""(I Can't Get No) Satisfaction""]"
2024-04-12,Hurricane Alley LIVE,Bossier City,US,32.5159852,-93.7321229,,"['Start Me Up', 'Under My Thumb', 'Get Off of My Cloud', ""Ain't Too Proud to Beg"", 'Time Is on My Side', ""Mother's Little Helper"", 'Paint It Black', ""Can't You Hear Me Knocking"", ""It's Only Rock 'n' Roll (but I Like It)"", 'Wild Horses', 'Far Away Eyes', 'Miss You', 'Beast of Burden', 'Sympathy for the Devil', 'Gimme Shelter', 'Happy', ""Jumpin' Jack Flash"", 'Honky Tonk Women', 'Brown Sugar', ""(I Can't Get No) Satisfaction""]"
2024-03-09,Spencer Theater for the Performing Arts,Alto,US,33.3986919,-105.6808185,,"['Start Me Up', 'Brown Sugar', 'Angie', 'Sympathy for the Devil', ""Mother's Little Helper"", 'Honky Tonk Women', 'Paint It Black', ""Jumpin' Jack Flash"", 'Gimme Shelter', 'Get Off of My Cloud', 'The Last Time', ""It's All Over Now"", 'Under My Thumb', 'Wild Horses', 'Ruby Tuesday', 'Beast of Burden', 'Street Fighting Man', ""(I Can't Get No) Satisfaction""]"
2024-01-27,The Norwood Theatre,Norwood,US,42.194543,-71.1994976,,"['Start Me Up', 'Street Fighting Man', '19th Nervous Breakdown', ""Mother's Little Helper"", 'Paint It Black', ""(I Can't Get No) Satisfaction"", ""You Can't Always Get What You Want"", 'Brown Sugar', ""Jumpin' Jack Flash"", 'Under My Thumb', 'Miss You', 'Far Away Eyes', 'Little T&A', 'The Last Time', 'Gimme Shelter', 'Tumbling Dice', 'Dead Flowers', 'Wild Horses', ""Can't You Hear Me Knocking"", 'Sympathy for the Devil', 'Beast of Burden', 'Time Is on My Side']"
2024-01-25,The Vogel,Red Bank,US,40.3470543,-74.0643065,,"['Start Me Up', 'Brown Sugar', '19th Nervous Breakdown', 'Beast of Burden', 'Dead Flowers', 'Gimme Shelter', 'Honky Tonk Women', 'Sympathy for the Devil', 'The Last Time', 'Miss You', 'Doo Doo Doo Doo Doo (Heartbreaker)', 'Angie', ""Jumpin' Jack Flash"", 'Little T&A', ""(I Can't Get No) Satisfaction""]"
2023-11-05,Celebrity Theatre,Phoenix,US,33.4483771,-112.0740373,,"['19th Nervous Breakdown', ""Let's Spend the Night Together"", 'The Last Time', 'Under My Thumb', 'Paint It Black', ""Jumpin' Jack Flash"", 'Gimme Shelter', 'Honky Tonk Women', 'Brown Sugar', ""You Can't Always Get What You Want"", ""(I Can't Get No) Satisfaction""]"
2023-10-28,Rymill & King Rodney Parks,Adelaide,AU,-34.9333333,138.6,,"['Brown Sugar', 'Tumbling Dice', 'Paint It Black', 'Wild Horses', 'Midnight Rambler', 'Get Off of My Cloud', ""Jumpin' Jack Flash"", 'Gimme Shelter', ""(I Can't Get No) Satisfaction"", ""You Can't Always Get What You Want"", 'Sympathy for the Devil']"
2023-10-19,Racket,New York,US,40.7142691,-74.0059729,,"['Shattered', 'Angry', 'Whole Wide World', 'Tumbling Dice', 'Bite My Head Off', ""Jumpin' Jack Flash"", 'Sweet Sounds of Heaven']"
2023-09-03,The Event Center at Hollywood Casino,Ranson,US,39.2951013,-77.8605508,,"['19th Nervous Breakdown', ""Let's Spend the Night Together"", 'The Last Time', 'Under My Thumb', 'Paint It Black', ""Jumpin' Jack Flash"", 'Gimme Shelter', 'Honky Tonk Women', 'Brown Sugar', ""You Can't Always Get What You Want"", ""(I Can't Get No) Satisfaction""]"
2023-07-06,Tally Ho Theater,Leesburg,US,39.1156615,-77.5636015,,"['Street Fighting Man', 'Tumbling Dice', 'Doo Doo Doo Doo Doo (Heartbreaker)', 'Bitch', 'The Last Time', 'Under My Thumb', ""Can't You Hear Me Knocking"", 'Sympathy for the Devil', 'Gimme Shelter', ""It's All Over Now"", 'Sweet Virginia', 'Wild Horses', 'Dead Flowers', 'Miss You', 'Paint It Black', ""Jumpin' Jack Flash"", 'Happy', 'Honky Tonk Women', 'Brown Sugar', ""(I Can't Get No) Satisfaction""]"
2023-01-13,Daryl’s House Club,Pawling,US,41.5620381,-73.6026271,,"['Start Me Up', 'Street Fighting Man', 'Tumbling Dice', 'Doo Doo Doo Doo Doo (Heartbreaker)', 'Dance Little Sister', '19th Nervous Breakdown', 'Under My Thumb', 'The Last Time', 'Get Off of My Cloud', ""Can't You Hear Me Knocking"", 'Sympathy for the Devil', ""It's All Over Now"", ""Mother's Little Helper"", 'Factory Girl', 'Dead Flowers', 'Angie', 'Miss You', 'Beast of Burden', 'Fool to Cry', 'Gimme Shelter', 'Paint It Black', ""Jumpin' Jack Flash"", 'Little T&A', 'Happy', ""You Can't Always Get What You Want"", 'Honky Tonk Women', 'Brown Sugar', ""(I Can't Get No) Satisfaction""]"
2022-08-29,Blue Note Jazz Club,New York,US,40.7142691,-74.0059729,Celebrating Charlie Watts,"['Honky Tonk Women', 'Lady Jane', 'Caravan', 'Wild Horses', 'Miss You', 'A Change Is Gonna Come', ""(I Can't Get No) Satisfaction""]"
2022-08-27,Rehoboth Beach Bandstand,Rehoboth Beach,US,38.7209454,-75.0760137,,"[""Can't You Hear Me Knocking"", 'Sympathy for the Devil', 'Under My Thumb', 'The Last Time', 'Dead Flowers', 'Paint It Black', 'Gimme Shelter', ""Jumpin' Jack Flash"", 'Little T&A', 'Happy', ""You Can't Always Get What You Want"", 'Honky Tonk Women', ""(I Can't Get No) Satisfaction""]"
2022-08-03,Waldbühne,Berlin,DE,52.5166667,13.4,Sixty,"['Charlie Watts Tribute', 'Street Fighting Man', 'All Down the Line', 'Tumbling Dice', 'Rocks Off', 'Out of Time', 'Fool to Cry', ""You Can't Always Get What You Want"", 'Living in a Ghost Town', 'Honky Tonk Women', 'You Got the Silver', 'Happy', 'Miss You', 'Midnight Rambler', 'Paint It Black', 'Start Me Up', 'Gimme Shelter', ""Jumpin' Jack Flash"", 'Sympathy for the Devil', ""(I Can't Get No) Satisfaction""]"
2022-07-31,Friends Arena,Solna,SE,59.3600363042203,18.0008625984192,Sixty,"['Charlie Watts Tribute', 'Street Fighting Man', ""Let's Spend the Night Together"", 'Tumbling Dice', 'Out of Time', 'Out of Control', 'Angie', ""You Can't Always Get What You Want"", 'Living in a Ghost Town', 'Honky Tonk Women', 'You Got the Silver', 'Connection', 'Miss You', 'Midnight Rambler', 'Paint It Black', 'Start Me Up', 'Gimme Shelter', ""Jumpin' Jack Flash"", 'Sympathy for the Devil', ""(I Can't Get No) Satisfaction""]"
2022-07-27,Veltins-Arena,Gelsenkirchen,DE,51.5166667,7.05,Sixty,"['Charlie Watts Tribute', 'Street Fighting Man', ""Let's Spend the Night Together"", 'Tumbling Dice', 'Out of Time', 'Wild Horses', ""You Can't Always Get What You Want"", 'Living in a Ghost Town', 'Honky Tonk Women', 'Slipping Away', 'Connection', 'Miss You', 'Midnight Rambler', 'Paint It Black', 'Start Me Up', 'Gimme Shelter', ""Jumpin' Jack Flash"", 'Sympathy for the Devil', ""(I Can't Get No) Satisfaction""]"
2022-07-23,Hippodrome de Longchamp,Paris,FR,48.853,2.349,Sixty,"['Charlie Watts Tribute', 'Street Fighting Man', '19th Nervous Breakdown', 'Tumbling Dice', 'Like a Rolling Stone', 'Out of Time', 'Wild Horses', ""You Can't Always Get What You Want"", 'Living in a Ghost Town', 'Honky Tonk Women', 'You Got the Silver', 'Happy', 'Miss You', 'Midnight Rambler', 'Paint It Black', 'Start Me Up', 'Gimme Shelter', ""Jumpin' Jack Flash"", 'Sympathy for the Devil', ""(I Can't Get No) Satisfaction""]"
2022-07-19,Groupama Stadium,Décines-Charpieu,FR,45.75,4.967,Sixty,"['Charlie Watts Tribute', 'Street Fighting Man', ""Let's Spend the Night Together"", 'Tumbling Dice', 'Out of Time', 'Dead Flowers', 'Angie', ""You Can't Always Get What You Want"", 'Living in a Ghost Town', 'Honky Tonk Women', 'You Got the Silver', 'Happy', 'Miss You', 'Midnight Rambler', 'Paint It Black', 'Start Me Up', 'Sympathy for the Devil', ""Jumpin' Jack Flash"", ""(I Can't Get No) Satisfaction""]"
2022-07-15,Ernst Happel Stadion,Vienna,AT,48.2084877601653,16.3720750808716,Sixty,"['Charlie Watts Tribute', 'Street Fighting Man', ""Let's Spend the Night Together"", 'Tumbling Dice', 'Like a Rolling Stone', 'Out of Time', 'Wild Horses', 'Living in a Ghost Town', 'Paint It Black', 'Honky Tonk Women', 'Slipping Away', 'Happy', 'Miss You', 'Midnight Rambler', 'Sympathy for the Devil', 'Start Me Up', 'Gimme Shelter', ""Jumpin' Jack Flash"", ""You Can't Always Get What You Want"", ""(I Can't Get No) Satisfaction""]"
2022-07-11,Koning Boudewijnstadium / Stade Roi Baudouin,Laken / Laeken,BE,50.53,4.21,Sixty,"['Charlie Watts Tribute', 'Street Fighting Man', '19th Nervous Breakdown', 'Tumbling Dice', 'Bitch', 'Out of Time', 'Beast of Burden', ""You Can't Always Get What You Want"", 'Living in a Ghost Town', 'Honky Tonk Women', 'Slipping Away', 'Connection', 'Miss You', 'Midnight Rambler', 'Paint It Black', 'Start Me Up', 'Gimme Shelter', ""Jumpin' Jack Flash"", 'Sympathy for the Devil', ""(I Can't Get No) Satisfaction""]"
2022-07-07,Johan Cruijff ArenA,Amsterdam,NL,52.373,4.9,Sixty,"['Charlie Watts Tribute', 'Street Fighting Man', ""Let's Spend the Night Together"", 'Tumbling Dice', 'Out of Time', 'Sweet Virginia', ""You Can't Always Get What You Want"", 'Living in a Ghost Town', ""Can't You Hear Me Knocking"", 'Honky Tonk Women', 'You Got the Silver', 'Happy', 'Miss You', 'Midnight Rambler', 'Paint It Black', 'Start Me Up', 'Gimme Shelter', ""Jumpin' Jack Flash"", 'Sympathy for the Devil', ""(I Can't Get No) Satisfaction""]"
2022-07-03,Hyde Park,London,GB,51.5084152563931,-0.125532746315002,Sixty,"['Charlie Watts Tribute', 'Get Off of My Cloud', '19th Nervous Breakdown', 'Tumbling Dice', 'Out of Time', 'Angie', ""You Can't Always Get What You Want"", 'Like a Rolling Stone', 'You Got Me Rocking', 'Honky Tonk Women', 'You Got the Silver', 'Happy', 'Miss You', 'Midnight Rambler', 'Paint It Black', 'Start Me Up', 'Gimme Shelter', ""Jumpin' Jack Flash"", 'Sympathy for the Devil', ""(I Can't Get No) Satisfaction""]"
2022-07-02,Ludlow Garage Cincinnati,Cincinnati,US,39.1620036,-84.4568863,,"['Street Fighting Man', 'Tumbling Dice', 'Live With Me', 'Bitch', 'Doo Doo Doo Doo Doo (Heartbreaker)', '19th Nervous Breakdown', 'Under My Thumb', 'The Last Time', ""Can't You Hear Me Knocking"", 'Sympathy for the Devil', 'Angie', 'Dead Flowers', ""Mother's Little Helper"", ""It's Only Rock 'n' Roll (but I Like It)"", 'Start Me Up', 'Dance Little Sister', 'Miss You', 'Fool to Cry', 'Paint It Black', 'Gimme Shelter', ""Jumpin' Jack Flash"", 'Happy', ""You Can't Always Get What You Want"", 'Honky Tonk Women', 'Brown Sugar', ""(I Can't Get No) Satisfaction""]"
2022-06-25,Hyde Park,London,GB,51.5084152563931,-0.125532746315002,Sixty,"['Charlie Watts Tribute', 'Street Fighting Man', '19th Nervous Breakdown', 'Tumbling Dice', 'Out of Time', ""She's a Rainbow"", ""You Can't Always Get What You Want"", 'Living in a Ghost Town', ""Can't You Hear Me Knocking"", 'Honky Tonk Women', 'Slipping Away', 'Connection', 'Miss You', 'Midnight Rambler', 'Paint It Black', 'Start Me Up', 'Gimme Shelter', ""Jumpin' Jack Flash"", 'Sympathy for the Devil', ""(I Can't Get No) Satisfaction""]"
2022-06-21,Stadio Giuseppe Meazza,Milan,IT,45.4642693810258,9.1895055770874,Sixty,"['Charlie Watts Tribute', 'Street Fighting Man', '19th Nervous Breakdown', 'Tumbling Dice', 'Out of Time', 'Dead Flowers', 'Wild Horses', ""You Can't Always Get What You Want"", 'Living in a Ghost Town', 'Honky Tonk Women', 'You Got the Silver', 'Connection', 'Miss You', 'Midnight Rambler', 'Start Me Up', 'Paint It Black', 'Sympathy for the Devil', ""Jumpin' Jack Flash"", 'Gimme Shelter', ""(I Can't Get No) Satisfaction"", 'Exodus']"
2022-06-09,Anfield,Liverpool,GB,53.4166667,-3.0,Sixty,"['Charlie Watts Tribute', 'Street Fighting Man', '19th Nervous Breakdown', 'Get Off of My Cloud', 'Tumbling Dice', 'I Wanna Be Your Man', 'Out of Time', ""You Can't Always Get What You Want"", 'Living in a Ghost Town', 'Honky Tonk Women', 'You Got the Silver', 'Connection', 'Miss You', 'Midnight Rambler', 'Start Me Up', 'Paint It Black', 'Sympathy for the Devil', ""Jumpin' Jack Flash"", 'Gimme Shelter', ""(I Can't Get No) Satisfaction""]"
2022-06-05,Olympiastadion,Munich,DE,48.1374325498109,11.5754914283752,Sixty,"['Charlie Watts Tribute', 'Street Fighting Man', '19th Nervous Breakdown', 'Rocks Off', 'Tumbling Dice', 'Out of Time', 'Ruby Tuesday', ""You Can't Always Get What You Want"", 'Living in a Ghost Town', 'Honky Tonk Women', 'Connection', 'Slipping Away', 'Miss You', 'Midnight Rambler', 'Start Me Up', 'Paint It Black', 'Sympathy for the Devil', ""Jumpin' Jack Flash"", 'Gimme Shelter', ""(I Can't Get No) Satisfaction"", 'Exodus']"
2022-06-01,Estadio Metropolitano,Madrid,ES,40.4165020941502,-3.70256423950195,Sixty,"['Charlie Watts Tribute', 'Street Fighting Man', '19th Nervous Breakdown', 'Sad Sad Sad', 'Tumbling Dice', 'Out of Time', 'Beast of Burden', ""You Can't Always Get What You Want"", 'Living in a Ghost Town', 'Honky Tonk Women', 'Happy', 'Slipping Away', 'Miss You', 'Midnight Rambler', 'Start Me Up', 'Paint It Black', 'Sympathy for the Devil', ""Jumpin' Jack Flash"", 'Gimme Shelter', ""(I Can't Get No) Satisfaction"", 'Exodus']"
2022-01-27,Honeywell Center,Wabash,US,40.797821,-85.8205411,,"['Start Me Up', 'Street Fighting Man', 'Tumbling Dice', '19th Nervous Breakdown', ""Can't You Hear Me Knocking"", 'Sympathy for the Devil', 'Wild Horses', 'Miss You', 'Paint It Black', 'Gimme Shelter', ""Jumpin' Jack Flash"", 'Happy', ""You Can't Always Get What You Want"", 'Honky Tonk Women', 'Brown Sugar', ""(I Can't Get No) Satisfaction""]"
2021-12-06,Ronnie Scott's Jazz Club,London,GB,51.5084152563931,-0.125532746315002,,"['Shame, Shame, Shame', 'Down the Road Apiece']"
2021-11-23,Hard Rock Live,Hollywood,US,26.0112014,-80.1494901,No Filter,"['Charlie Watts Tribute', 'Street Fighting Man', ""Let's Spend the Night Together"", '19th Nervous Breakdown', 'Tumbling Dice', ""You Can't Always Get What You Want"", 'Living in a Ghost Town', 'Start Me Up', 'Honky Tonk Women', 'Connection', 'Slipping Away', 'Miss You', 'Midnight Rambler', 'Paint It Black', 'Sympathy for the Devil', ""Jumpin' Jack Flash"", 'Gimme Shelter', ""(I Can't Get No) Satisfaction""]"
2021-11-20,"Super Stage, Circuit of the Americas",Austin,US,30.267153,-97.7430608,No Filter,"['Charlie Watts Tribute', 'Street Fighting Man', ""It's Only Rock 'n' Roll (but I Like It)"", '19th Nervous Breakdown', 'Tumbling Dice', 'Let It Bleed', ""You Can't Always Get What You Want"", 'Living in a Ghost Town', 'Start Me Up', 'Honky Tonk Women', 'Connection', 'You Got the Silver', 'Miss You', 'Midnight Rambler', 'Paint It Black', 'Sympathy for the Devil', ""Jumpin' Jack Flash"", 'Gimme Shelter', ""(I Can't Get No) Satisfaction""]"
2021-11-15,Ford Field,Detroit,US,42.331427,-83.0457538,No Filter,"['Charlie Watts Tribute', 'Street Fighting Man', 'You Got Me Rocking', '19th Nervous Breakdown', 'Tumbling Dice', ""Ain't Too Proud to Beg"", 'Wild Horses', ""You Can't Always Get What You Want"", 'Living in a Ghost Town', 'Start Me Up', 'Honky Tonk Women', 'Connection', 'Before They Make Me Run', 'Miss You', 'Midnight Rambler', 'Paint It Black', 'Sympathy for the Devil', ""Jumpin' Jack Flash"", 'Gimme Shelter', ""(I Can't Get No) Satisfaction""]"
2021-11-11,Mercedes-Benz Stadium,Atlanta,US,33.7489954,-84.3879824,No Filter,"['Charlie Watts Tribute', 'Street Fighting Man', ""Let's Spend the Night Together"", '19th Nervous Breakdown', 'Tumbling Dice', 'Shattered', ""She's a Rainbow"", ""You Can't Always Get What You Want"", 'Living in a Ghost Town', 'Start Me Up', 'Honky Tonk Women', 'Connection', 'Slipping Away', 'Miss You', 'Midnight Rambler', 'Paint It Black', 'Sympathy for the Devil', ""Jumpin' Jack Flash"", 'Gimme Shelter', ""(I Can't Get No) Satisfaction""]"
2021-11-06,Allegiant Stadium,Las Vegas,US,36.1749705,-115.137223,No Filter,"['Charlie Watts Tribute', 'Street Fighting Man', ""It's Only Rock 'n' Roll (but I Like It)"", '19th Nervous Breakdown', 'Tumbling Dice', 'Rocks Off', 'Ruby Tuesday', ""You Can't Always Get What You Want"", 'Living in a Ghost Town', 'Start Me Up', 'Honky Tonk Women', 'Connection', 'Happy', 'Miss You', 'Midnight Rambler', 'Paint It Black', 'Sympathy for the Devil', ""Jumpin' Jack Flash"", 'Gimme Shelter', ""(I Can't Get No) Satisfaction""]"
2021-11-02,Cotton Bowl,Dallas,US,32.7830556,-96.8066667,No Filter,"['Charlie Watts Tribute', 'Street Fighting Man', 'You Got Me Rocking', '19th Nervous Breakdown', 'Tumbling Dice', 'Doo Doo Doo Doo Doo (Heartbreaker)', ""You Can't Always Get What You Want"", 'Living in a Ghost Town', 'Start Me Up', 'Honky Tonk Women', 'Connection', 'Slipping Away', 'Miss You', 'Midnight Rambler', 'Paint It Black', 'Sympathy for the Devil', ""Jumpin' Jack Flash"", 'Gimme Shelter', ""(I Can't Get No) Satisfaction""]"
2021-10-29,Raymond James Stadium,Tampa,US,27.9475216,-82.4584279,No Filter,"['Charlie Watts Tribute', 'Street Fighting Man', 'Get Off of My Cloud', 'Sad Sad Sad', 'Tumbling Dice', 'Beast of Burden', 'Far Away Eyes', ""You Can't Always Get What You Want"", 'Living in a Ghost Town', 'Start Me Up', 'Honky Tonk Women', 'Connection', 'Happy', 'Miss You', 'Midnight Rambler', 'Paint It Black', 'Sympathy for the Devil', ""Jumpin' Jack Flash"", 'Gimme Shelter', ""(I Can't Get No) Satisfaction""]"
2021-10-24,U.S. Bank Stadium,Minneapolis,US,44.9799654,-93.2638361,No Filter,"['Charlie Watts Tribute', 'Street Fighting Man', ""Let's Spend the Night Together"", '19th Nervous Breakdown', 'Tumbling Dice', 'Monkey Man', 'Fool to Cry', ""You Can't Always Get What You Want"", 'Living in a Ghost Town', 'Start Me Up', 'Honky Tonk Women', 'Connection', 'Before They Make Me Run', 'Miss You', 'Midnight Rambler', 'Paint It Black', 'Sympathy for the Devil', ""Jumpin' Jack Flash"", 'Gimme Shelter', ""(I Can't Get No) Satisfaction""]"
2021-10-17,SoFi Stadium,Inglewood,US,33.9616801,-118.3531311,No Filter,"['Charlie Watts Tribute', 'Street Fighting Man', 'All Down the Line', '19th Nervous Breakdown', 'Tumbling Dice', 'Beast of Burden', 'Wild Horses', ""You Can't Always Get What You Want"", 'Living in a Ghost Town', 'Start Me Up', 'Honky Tonk Women', 'Connection', 'Before They Make Me Run', 'Miss You', 'Midnight Rambler', 'Paint It Black', 'Sympathy for the Devil', ""Jumpin' Jack Flash"", 'Gimme Shelter', ""(I Can't Get No) Satisfaction""]"
2021-10-14,SoFi Stadium,Inglewood,US,33.9616801,-118.3531311,No Filter,"['Charlie Watts Tribute', ""Let's Spend the Night Together"", '19th Nervous Breakdown', 'Rocks Off', 'Get Off of My Cloud', 'Tumbling Dice', 'Ruby Tuesday', ""You Can't Always Get What You Want"", 'Living in a Ghost Town', 'Start Me Up', 'Honky Tonk Women', 'Connection', 'Slipping Away', 'Miss You', 'Midnight Rambler', 'Paint It Black', 'Sympathy for the Devil', ""Jumpin' Jack Flash"", 'Gimme Shelter', ""(I Can't Get No) Satisfaction""]"
2021-10-09,Nissan Stadium,Nashville,US,36.1658899,-86.7844432,No Filter,"['Charlie Watts Tribute', 'Street Fighting Man', ""Let's Spend the Night Together"", 'Tumbling Dice', '19th Nervous Breakdown', ""Troubles a' Comin"", 'Dead Flowers', ""You Can't Always Get What You Want"", 'Living in a Ghost Town', 'Start Me Up', 'Honky Tonk Women', 'Connection', 'Slipping Away', 'Miss You', 'Midnight Rambler', 'Paint It Black', 'Sympathy for the Devil', ""Jumpin' Jack Flash"", 'Gimme Shelter', ""(I Can't Get No) Satisfaction""]"
2021-10-04,Heinz Field,Pittsburgh,US,40.4406248,-79.9958864,No Filter,"['Charlie Watts Tribute', 'Street Fighting Man', ""Let's Spend the Night Together"", 'Tumbling Dice', '19th Nervous Breakdown', ""Troubles a' Comin"", 'Angie', ""You Can't Always Get What You Want"", 'Living in a Ghost Town', 'Start Me Up', 'Honky Tonk Women', 'Before They Make Me Run', 'Slipping Away', 'Miss You', 'Midnight Rambler', 'Paint It Black', 'Sympathy for the Devil', ""Jumpin' Jack Flash"", 'Gimme Shelter', ""(I Can't Get No) Satisfaction""]"
2021-09-30,Bank of America Stadium,Charlotte,US,35.2270869,-80.8431268,No Filter,"['Charlie Watts Tribute', 'Street Fighting Man', ""Let's Spend the Night Together"", 'Tumbling Dice', '19th Nervous Breakdown', ""Troubles a' Comin"", 'Let It Bleed', ""You Can't Always Get What You Want"", 'Living in a Ghost Town', 'Start Me Up', 'Honky Tonk Women', 'Before They Make Me Run', 'Slipping Away', 'Miss You', 'Midnight Rambler', 'Paint It Black', 'Sympathy for the Devil', ""Jumpin' Jack Flash"", 'Gimme Shelter', ""(I Can't Get No) Satisfaction""]"
2021-09-26,The Dome at America's Center,St. Louis,US,38.6272733,-90.1978889,No Filter,"['Charlie Watts Tribute', 'Street Fighting Man', ""It's Only Rock 'n' Roll (but I Like It)"", 'Tumbling Dice', 'Under My Thumb', '19th Nervous Breakdown', 'Wild Horses', ""You Can't Always Get What You Want"", 'Living in a Ghost Town', 'Start Me Up', 'Honky Tonk Women', 'Happy', 'Slipping Away', 'Miss You', 'Midnight Rambler', 'Paint It Black', 'Sympathy for the Devil', ""Jumpin' Jack Flash"", 'Gimme Shelter', ""(I Can't Get No) Satisfaction""]"
2021-09-20,Gillette Stadium,Foxborough,US,42.0653768,-71.2478308,,"[""Let's Spend the Night Together"", 'Tumbling Dice', 'Under My Thumb', ""Troubles a' Comin"", 'Living in a Ghost Town', ""You Can't Always Get What You Want"", 'Midnight Rambler', 'Miss You', '19th Nervous Breakdown', 'Start Me Up', 'Gimme Shelter', 'Sympathy for the Devil', ""Jumpin' Jack Flash"", ""(I Can't Get No) Satisfaction""]"
2021-07-21,Sellersville Theater,Sellersville,US,40.3539926,-75.3048982,,"['Street Fighting Man', 'Tumbling Dice', '19th Nervous Breakdown', 'Under My Thumb', 'The Last Time', ""Let's Spend the Night Together"", ""It's All Over Now"", ""Mother's Little Helper"", 'Time Is on My Side', 'Get Off of My Cloud', ""Can't You Hear Me Knocking"", 'Sympathy for the Devil', 'Monkey Man', 'Wild Horses', 'Miss You', 'Beast of Burden', 'Gimme Shelter', 'Paint It Black', ""Jumpin' Jack Flash"", 'Happy', ""You Can't Always Get What You Want"", 'Honky Tonk Women', 'Brown Sugar', ""(I Can't Get No) Satisfaction""]"
2021-07-09,Younger's Showroom,Romeo,US,42.802808,-83.0129874,,"['Street Fighting Man', 'Tumbling Dice', 'Bitch', 'Doo Doo Doo Doo Doo (Heartbreaker)', 'Under My Thumb', ""Can't You Hear Me Knocking"", 'Sympathy for the Devil', 'Miss You', 'Beast of Burden', 'Gimme Shelter', 'Paint It Black', ""Jumpin' Jack Flash"", 'Happy', ""You Can't Always Get What You Want"", 'Honky Tonk Women', 'Brown Sugar', ""(I Can't Get No) Satisfaction""]"
2021-06-05,Addison Circle Park,Addison,US,32.96179,-96.8291685,,"['Start Me Up', 'Street Fighting Man', 'Tumbling Dice', 'Bitch', 'Doo Doo Doo Doo Doo (Heartbreaker)', 'Under My Thumb', ""Can't You Hear Me Knocking"", 'Sympathy for the Devil', 'Wild Horses', 'Miss You', 'Beast of Burden', 'Gimme Shelter', 'Paint It Black', ""Jumpin' Jack Flash"", 'Happy', ""You Can't Always Get What You Want"", 'Honky Tonk Women', 'Brown Sugar', ""(I Can't Get No) Satisfaction""]"
2020-07-21,Sint-Veerleplein,Ghent,BE,51.05,3.717,,"['Brown Sugar', ""Can't You Hear Me Knocking"", 'Wild Horses']"
2020-01-24,Crystal Bees,Southington,US,41.5964869,-72.8776013,,"['Street Fighting Man', 'Tumbling Dice', '19th Nervous Breakdown', 'Under My Thumb', 'The Last Time', 'Time Waits for No One', 'Get Off of My Cloud', ""Can't You Hear Me Knocking"", 'Sympathy for the Devil', 'Bitch', 'Gimme Shelter', ""Ain't Too Proud to Beg"", ""It's Only Rock 'n' Roll (but I Like It)"", 'Start Me Up', 'Miss You', 'Beast of Burden', ""She's So Cold"", 'Angie', 'Far Away Eyes', 'Paint It Black', ""Jumpin' Jack Flash"", 'Happy', ""You Can't Always Get What You Want"", 'Honky Tonk Women', 'Brown Sugar', ""(I Can't Get No) Satisfaction""]"
2019-09-14,The Elm,Waterville,US,44.5520105,-69.6317121,,"['Start Me Up', 'Street Fighting Man', 'Tumbling Dice', '19th Nervous Breakdown', 'Under My Thumb', 'The Last Time', ""Let's Spend the Night Together"", ""It's All Over Now"", ""Mother's Little Helper"", 'Time Is on My Side', 'Get Off of My Cloud', ""Can't You Hear Me Knocking"", 'Sympathy for the Devil', 'Wild Horses', 'Far Away Eyes', 'Miss You', 'Gimme Shelter', 'Paint It Black', ""Jumpin' Jack Flash"", 'Happy', ""You Can't Always Get What You Want"", 'Honky Tonk Women', 'Brown Sugar', ""(I Can't Get No) Satisfaction""]"
2019-08-30,Hard Rock Stadium,Miami Gardens,US,25.9420377,-80.2456045,No Filter,"[""Jumpin' Jack Flash"", ""It's Only Rock 'n' Roll (but I Like It)"", 'Tumbling Dice', 'Out of Control', 'Under My Thumb', ""You Can't Always Get What You Want"", '2120 South Michigan Avenue', 'Sweet Virginia', 'Dead Flowers', 'Sympathy for the Devil', 'Honky Tonk Women', 'You Got the Silver', 'Before They Make Me Run', 'Miss You', 'Paint It Black', 'Midnight Rambler', 'Start Me Up', 'Brown Sugar', 'Gimme Shelter', ""(I Can't Get No) Satisfaction""]"
2019-08-26,State Farm Stadium,Glendale,US,33.5386523,-112.1859866,No Filter,"[""Jumpin' Jack Flash"", ""Let's Spend the Night Together"", 'Tumbling Dice', 'Sad Sad Sad', 'Get Off of My Cloud', ""You Can't Always Get What You Want"", '2120 South Michigan Avenue', 'Sweet Virginia', 'Dead Flowers', 'Sympathy for the Devil', 'Honky Tonk Women', 'You Got the Silver', 'Before They Make Me Run', 'Miss You', 'Paint It Black', 'Midnight Rambler', 'Start Me Up', 'Brown Sugar', 'Gimme Shelter', ""(I Can't Get No) Satisfaction""]"
2019-08-25,Southsea Common,Portsmouth,GB,50.8090805768295,-1.07142448425293,,"[""Jumpin' Jack Flash"", 'Honky Tonk Women', 'Paint It Black', 'Sympathy for the Devil', ""(I Can't Get No) Satisfaction"", ""It's Only Rock 'n' Roll (but I Like It)""]"
2019-08-22,Rose Bowl,Pasadena,US,34.1477849,-118.1445155,No Filter,"['Street Fighting Man', 'You Got Me Rocking', 'Tumbling Dice', ""She's a Rainbow"", ""You Can't Always Get What You Want"", '2120 South Michigan Avenue', 'Sweet Virginia', 'Dead Flowers', 'Sympathy for the Devil', 'Honky Tonk Women', 'You Got the Silver', 'Before They Make Me Run', 'Miss You', 'Paint It Black', 'Midnight Rambler', 'Start Me Up', ""Jumpin' Jack Flash"", 'Brown Sugar', 'Gimme Shelter', ""(I Can't Get No) Satisfaction""]"
2019-08-18,Levi's Stadium,Santa Clara,US,37.354108,-121.9552356,No Filter,"[""Jumpin' Jack Flash"", ""Let's Spend the Night Together"", 'Tumbling Dice', 'Out of Control', 'Rocks Off', ""You Can't Always Get What You Want"", '2120 South Michigan Avenue', 'Sweet Virginia', 'Let It Bleed', 'Sympathy for the Devil', 'Honky Tonk Women', 'You Got the Silver', 'Before They Make Me Run', 'Miss You', 'Midnight Rambler', 'Paint It Black', 'Start Me Up', 'Brown Sugar', 'Gimme Shelter', ""(I Can't Get No) Satisfaction""]"
2019-08-14,Centurylink Field,Seattle,US,47.6062095,-122.3320708,No Filter,"['Street Fighting Man', 'You Got Me Rocking', 'Tumbling Dice', 'Beast of Burden', ""You Can't Always Get What You Want"", '2120 South Michigan Avenue', 'Sweet Virginia', 'Dead Flowers', 'Sympathy for the Devil', 'Honky Tonk Women', 'You Got the Silver', 'Before They Make Me Run', 'Miss You', 'Midnight Rambler', 'Paint It Black', 'Start Me Up', ""Jumpin' Jack Flash"", 'Brown Sugar', 'Gimme Shelter', ""(I Can't Get No) Satisfaction""]"
2019-08-10,Broncos Stadium at Mile High,Denver,US,39.7391536,-104.9847034,No Filter,"['Street Fighting Man', ""Let's Spend the Night Together"", 'Tumbling Dice', 'Like a Rolling Stone', ""You Can't Always Get What You Want"", '2120 South Michigan Avenue', 'Sweet Virginia', 'Dead Flowers', 'Sympathy for the Devil', 'Honky Tonk Women', 'You Got the Silver', 'Before They Make Me Run', 'Miss You', 'Midnight Rambler', 'Paint It Black', 'Start Me Up', ""Jumpin' Jack Flash"", 'Brown Sugar', 'Gimme Shelter', ""(I Can't Get No) Satisfaction""]"
2019-08-05,MetLife Stadium,East Rutherford,US,40.833989,-74.0970865,No Filter,"[""Jumpin' Jack Flash"", 'You Got Me Rocking', 'Tumbling Dice', 'Harlem Shuffle', 'Monkey Man', ""You Can't Always Get What You Want"", '2120 South Michigan Avenue', 'Let It Bleed', 'Dead Flowers', 'Sympathy for the Devil', 'Honky Tonk Women', 'You Got the Silver', 'Before They Make Me Run', 'Miss You', 'Midnight Rambler', 'Paint It Black', 'Start Me Up', 'Brown Sugar', 'Gimme Shelter', ""(I Can't Get No) Satisfaction""]"
2019-08-01,MetLife Stadium,East Rutherford,US,40.833989,-74.0970865,No Filter,"['Street Fighting Man', ""Let's Spend the Night Together"", 'Tumbling Dice', ""She's a Rainbow"", ""You Can't Always Get What You Want"", '2120 South Michigan Avenue', 'Sweet Virginia', 'Dead Flowers', 'Sympathy for the Devil', 'Honky Tonk Women', 'Slipping Away', 'Before They Make Me Run', 'Miss You', 'Paint It Black', 'Midnight Rambler', 'Start Me Up', ""Jumpin' Jack Flash"", 'Brown Sugar', 'Gimme Shelter', ""(I Can't Get No) Satisfaction""]"
2019-07-27,NRG Stadium,Houston,US,29.7632836,-95.3632715,No Filter,"[""Jumpin' Jack Flash"", ""Let's Spend the Night Together"", 'Tumbling Dice', 'Out of Control', 'Doo Doo Doo Doo Doo (Heartbreaker)', ""You Can't Always Get What You Want"", '2120 South Michigan Avenue', 'Sweet Virginia', 'Dead Flowers', 'Sympathy for the Devil', 'Honky Tonk Women', 'Slipping Away', 'Before They Make Me Run', 'Miss You', 'Midnight Rambler', 'Paint It Black', 'Start Me Up', 'Brown Sugar', 'Gimme Shelter', ""(I Can't Get No) Satisfaction""]"
2019-07-23,Lincoln Financial Field,Philadelphia,US,39.952335,-75.163789,No Filter,"['Street Fighting Man', 'You Got Me Rocking', 'Tumbling Dice', 'Bitch', ""You Can't Always Get What You Want"", '2120 South Michigan Avenue', 'Angie', 'Dead Flowers', 'Sympathy for the Devil', 'Honky Tonk Women', 'Slipping Away', 'Before They Make Me Run', 'Miss You', 'Midnight Rambler', 'Paint It Black', 'Gimme Shelter', 'Start Me Up', ""Jumpin' Jack Flash"", 'Brown Sugar', ""(I Can't Get No) Satisfaction""]"
2019-07-19,TIAA Bank Field,Jacksonville,US,30.3321838,-81.655651,No Filter,"['Street Fighting Man', ""It's Only Rock 'n' Roll (but I Like It)"", 'Tumbling Dice', 'Monkey Man', ""You Can't Always Get What You Want"", '2120 South Michigan Avenue', 'Play With Fire', 'Sweet Virginia', 'Sympathy for the Devil', 'Honky Tonk Women', 'Slipping Away', 'Before They Make Me Run', 'Miss You', 'Paint It Black', 'Midnight Rambler', 'Gimme Shelter', 'Start Me Up', ""Jumpin' Jack Flash"", 'Brown Sugar', ""(I Can't Get No) Satisfaction""]"
2019-07-15,Mercedes-Benz Superdome,New Orleans,US,29.955,-90.075,No Filter,"[""Jumpin' Jack Flash"", ""Let's Spend the Night Together"", 'Tumbling Dice', 'Sad Sad Sad', 'Under My Thumb', ""You Can't Always Get What You Want"", '2120 South Michigan Avenue', 'Angie', 'Dead Flowers', 'Sympathy for the Devil', 'Honky Tonk Women', 'Slipping Away', 'Before They Make Me Run', 'Miss You', 'Paint It Black', 'Midnight Rambler', 'Start Me Up', 'Brown Sugar', 'Gimme Shelter', ""(I Can't Get No) Satisfaction""]"
2019-07-12,Sandy Amphitheater,Sandy City,US,40.5916147,-111.8841013,,"['Start Me Up', 'Street Fighting Man', 'Tumbling Dice', '19th Nervous Breakdown', 'Under My Thumb', 'The Last Time', 'Miss You', 'Beast of Burden', ""Can't You Hear Me Knocking"", 'Sympathy for the Devil', 'Wild Horses', 'Far Away Eyes', 'Gimme Shelter', 'Paint It Black', ""Jumpin' Jack Flash"", 'Happy', ""You Can't Always Get What You Want"", 'Honky Tonk Women', 'Brown Sugar', ""(I Can't Get No) Satisfaction""]"
2019-07-07,Gillette Stadium,Foxborough,US,42.0653768,-71.2478308,No Filter,"['Street Fighting Man', ""It's Only Rock 'n' Roll (but I Like It)"", 'Tumbling Dice', ""She's So Cold"", ""Ride 'Em on Down"", '2120 South Michigan Avenue', 'Play With Fire', 'Dead Flowers', 'Sympathy for the Devil', ""You Can't Always Get What You Want"", 'Honky Tonk Women', 'Slipping Away', 'Before They Make Me Run', 'Miss You', 'Paint It Black', 'Midnight Rambler', 'Start Me Up', ""Jumpin' Jack Flash"", 'Brown Sugar', 'Gimme Shelter', ""(I Can't Get No) Satisfaction""]"
2019-07-03,FedExField,Landover,US,38.9340002,-76.8966397,No Filter,"[""Jumpin' Jack Flash"", ""It's Only Rock 'n' Roll (but I Like It)"", 'Tumbling Dice', 'You Got Me Rocking', 'Mercy, Mercy', 'Rocks Off', ""You Can't Always Get What You Want"", '2120 South Michigan Avenue', 'Angie', 'Let It Bleed', 'Sympathy for the Devil', 'Honky Tonk Women', 'Slipping Away', 'Before They Make Me Run', 'Miss You', 'Paint It Black', 'Midnight Rambler', 'Start Me Up', 'Brown Sugar', 'Gimme Shelter', ""(I Can't Get No) Satisfaction""]"
2019-06-29,Burl’s Creek Event Grounds,Oro-Medonte,CA,44.578206966,-79.604037673,No Filter,"['Street Fighting Man', ""Let's Spend the Night Together"", 'Tumbling Dice', 'Sad Sad Sad', ""She's a Rainbow"", ""You Can't Always Get What You Want"", '2120 South Michigan Avenue', 'Angie', 'Dead Flowers', 'Sympathy for the Devil', 'Honky Tonk Women', 'Slipping Away', 'Before They Make Me Run', 'Miss You', 'Paint It Black', 'Midnight Rambler', 'Start Me Up', ""Jumpin' Jack Flash"", 'Brown Sugar', 'Gimme Shelter', ""(I Can't Get No) Satisfaction""]"
2019-06-25,Soldier Field,Chicago,US,41.850033,-87.6500523,No Filter,"[""Jumpin' Jack Flash"", ""It's Only Rock 'n' Roll (but I Like It)"", 'Tumbling Dice', 'Bitch', ""Ride 'Em on Down"", 'Monkey Man', ""You Can't Always Get What You Want"", '2120 South Michigan Avenue', 'Play With Fire', 'Sweet Virginia', 'Sympathy for the Devil', 'Honky Tonk Women', 'Slipping Away', 'Before They Make Me Run', 'Miss You', 'Paint It Black', 'Midnight Rambler', 'Start Me Up', 'Brown Sugar', 'Gimme Shelter', ""(I Can't Get No) Satisfaction""]"
2019-06-21,Soldier Field,Chicago,US,41.850033,-87.6500523,No Filter,"['Street Fighting Man', ""Let's Spend the Night Together"", 'Tumbling Dice', 'Sad Sad Sad', 'You Got Me Rocking', ""You Can't Always Get What You Want"", '2120 South Michigan Avenue', 'Angie', 'Dead Flowers', 'Sympathy for the Devil', 'Honky Tonk Women', 'You Got the Silver', 'Before They Make Me Run', 'Miss You', 'Paint It Black', 'Midnight Rambler', 'Start Me Up', ""Jumpin' Jack Flash"", 'Brown Sugar', 'Gimme Shelter', ""(I Can't Get No) Satisfaction""]"
2019-02-15,Blue Ocean Music Hall,Salisbury,US,42.8417577,-70.8606083,,"['19th Nervous Breakdown', 'Under My Thumb', 'The Last Time', ""Let's Spend the Night Together"", ""It's All Over Now"", ""Mother's Little Helper"", 'Time Is on My Side', 'Heart of Stone', 'Get Off of My Cloud', 'Sympathy for the Devil', 'Bitch', 'Paint It Black', 'Gimme Shelter', ""Can't You Hear Me Knocking"", 'Street Fighting Man', 'Start Me Up', 'Miss You', 'Beast of Burden', 'Far Away Eyes', 'Wild Horses', 'Tumbling Dice', ""Jumpin' Jack Flash"", 'Happy', ""You Can't Always Get What You Want"", 'Honky Tonk Women', 'Brown Sugar', ""It's Only Rock 'n' Roll (but I Like It)"", ""(I Can't Get No) Satisfaction""]"
2018-08-17,Riverview Garage rooftop at Mohegan Sun Casino,Uncasville,US,41.4345426,-72.1097996,,"['Wild Horses', ""Can't You Hear Me Knocking"", 'Sympathy for the Devil', ""It's Only Rock 'n' Roll (but I Like It)""]"
2018-07-08,PGE Narodowy,Warsaw,PL,52.25,21.0,No Filter,"['Street Fighting Man', ""It's Only Rock 'n' Roll (but I Like It)"", 'Tumbling Dice', 'Just Your Fool', 'Bitch', 'Like a Rolling Stone', ""You Can't Always Get What You Want"", 'Paint It Black', 'Honky Tonk Women', 'You Got the Silver', 'Before They Make Me Run', 'Sympathy for the Devil', 'Miss You', 'Midnight Rambler', 'Start Me Up', ""Jumpin' Jack Flash"", 'Brown Sugar', 'Gimme Shelter', ""(I Can't Get No) Satisfaction""]"
2018-07-04,Letiště Praha Letňany,Prague,CZ,50.0878367932108,14.4241322001241,No Filter,"['Street Fighting Man', ""It's Only Rock 'n' Roll (but I Like It)"", 'Tumbling Dice', ""Ride 'Em on Down"", 'Under My Thumb', 'Like a Rolling Stone', ""You Can't Always Get What You Want"", 'Paint It Black', 'Honky Tonk Women', 'You Got the Silver', 'Before They Make Me Run', 'Sympathy for the Devil', 'Miss You', 'Midnight Rambler', 'Start Me Up', ""Jumpin' Jack Flash"", 'Brown Sugar', 'Gimme Shelter', ""(I Can't Get No) Satisfaction""]"
2018-06-30,Mercedes-Benz-Arena,Stuttgart,DE,48.7823242931971,9.17701721191406,No Filter,"['Street Fighting Man', ""It's Only Rock 'n' Roll (but I Like It)"", 'Tumbling Dice', ""Ride 'Em on Down"", ""Let's Spend the Night Together"", 'Like a Rolling Stone', ""You Can't Always Get What You Want"", 'Paint It Black', 'Honky Tonk Women', 'You Got the Silver', 'Before They Make Me Run', 'Sympathy for the Devil', 'Miss You', 'Midnight Rambler', 'Start Me Up', ""Jumpin' Jack Flash"", 'Brown Sugar', 'Gimme Shelter', ""(I Can't Get No) Satisfaction""]"
2018-06-26,Stade Vélodrome,Marseille,FR,43.3,5.4,No Filter,"['Street Fighting Man', ""It's Only Rock 'n' Roll (but I Like It)"", 'Tumbling Dice', 'Just Your Fool', 'Get Off of My Cloud', 'Fool to Cry', ""You Can't Always Get What You Want"", 'Paint It Black', 'Honky Tonk Women', 'You Got the Silver', 'Before They Make Me Run', 'Sympathy for the Devil', 'Miss You', 'Midnight Rambler', 'Start Me Up', ""Jumpin' Jack Flash"", 'Brown Sugar', 'Gimme Shelter', ""(I Can't Get No) Satisfaction""]"
2018-06-22,Olympiastadion,Berlin,DE,52.5166667,13.4,No Filter,"['Street Fighting Man', ""It's Only Rock 'n' Roll (but I Like It)"", 'Tumbling Dice', 'Just Your Fool', 'Like a Rolling Stone', ""She's a Rainbow"", ""You Can't Always Get What You Want"", 'Paint It Black', 'Honky Tonk Women', 'Slipping Away', 'Before They Make Me Run', 'Sympathy for the Devil', 'Miss You', 'Midnight Rambler', 'Start Me Up', ""Jumpin' Jack Flash"", 'Brown Sugar', 'Gimme Shelter', ""(I Can't Get No) Satisfaction""]"
2018-06-19,Twickenham Stadium,Twickenham,GB,51.4333333,-0.3166667,No Filter,"['Street Fighting Man', ""It's Only Rock 'n' Roll (but I Like It)"", 'Tumbling Dice', 'Paint It Black', ""Ride 'Em on Down"", 'Bitch', 'Beast of Burden', ""You Can't Always Get What You Want"", 'Honky Tonk Women', 'You Got the Silver', 'Before They Make Me Run', 'Sympathy for the Devil', 'Miss You', 'Midnight Rambler', 'Start Me Up', ""Jumpin' Jack Flash"", 'Brown Sugar', 'Gimme Shelter', ""(I Can't Get No) Satisfaction""]"
2018-06-15,Principality Stadium,Cardiff,GB,51.48,-3.18,No Filter,"['Street Fighting Man', ""It's Only Rock 'n' Roll (but I Like It)"", 'Tumbling Dice', 'Paint It Black', 'Just Your Fool', 'Get Off of My Cloud', 'Like a Rolling Stone', ""You Can't Always Get What You Want"", 'Honky Tonk Women', 'You Got the Silver', 'Before They Make Me Run', 'Sympathy for the Devil', 'Miss You', 'Midnight Rambler', 'Start Me Up', ""Jumpin' Jack Flash"", 'Brown Sugar', 'Gimme Shelter', ""(I Can't Get No) Satisfaction""]"
2018-06-09,BT Murrayfield Stadium,Edinburgh,GB,55.95,-3.2,No Filter,"['Start Me Up', ""Let's Spend the Night Together"", ""It's Only Rock 'n' Roll (but I Like It)"", 'Tumbling Dice', 'Under My Thumb', ""Ride 'Em on Down"", ""She's a Rainbow"", ""You Can't Always Get What You Want"", 'Paint It Black', 'Honky Tonk Women', 'You Got the Silver', 'Happy', 'Sympathy for the Devil', 'Miss You', 'Midnight Rambler', ""Jumpin' Jack Flash"", 'Brown Sugar', 'Gimme Shelter', ""(I Can't Get No) Satisfaction""]"
2018-06-08,Pleinfestijn Venray,Venray,NL,51.525,5.975,,"['Street Fighting Man', ""Jumpin' Jack Flash"", 'Tumbling Dice', 'Out of Control', ""Let's Spend the Night Together"", '19th Nervous Breakdown', 'Paint It Black', 'Angie', 'Dead Flowers', 'Miss You', 'Happy', ""Can't You Hear Me Knocking"", 'Start Me Up', 'Honky Tonk Women', 'Brown Sugar', 'Sympathy for the Devil', 'Midnight Rambler']"
2018-06-05,Old Trafford Football Stadium,Manchester,GB,53.4809464283615,-2.23743438720703,No Filter,"[""Jumpin' Jack Flash"", ""It's Only Rock 'n' Roll (but I Like It)"", 'Tumbling Dice', 'Shattered', 'Just Your Fool', ""Let's Spend the Night Together"", 'Like a Rolling Stone', ""You Can't Always Get What You Want"", 'Paint It Black', 'Honky Tonk Women', 'You Got the Silver', 'Before They Make Me Run', 'Sympathy for the Devil', 'Miss You', 'Midnight Rambler', 'Start Me Up', 'Brown Sugar', 'Gimme Shelter', ""(I Can't Get No) Satisfaction""]"
2018-06-02,Ricoh Arena,Coventry,GB,52.4065556183991,-1.51216506958008,No Filter,"['Street Fighting Man', ""It's Only Rock 'n' Roll (but I Like It)"", 'Tumbling Dice', 'Paint It Black', ""Ride 'Em on Down"", 'Like a Rolling Stone', 'Dead Flowers', ""You Can't Always Get What You Want"", 'Honky Tonk Women', 'You Got the Silver', 'Happy', 'Sympathy for the Devil', 'Miss You', 'Midnight Rambler', 'Start Me Up', ""Jumpin' Jack Flash"", 'Brown Sugar', 'Gimme Shelter', ""(I Can't Get No) Satisfaction""]"
2018-05-29,St Mary's Stadium,Southampton,GB,50.9,-1.4,No Filter,"['Start Me Up', ""Let's Spend the Night Together"", 'Tumbling Dice', ""It's Only Rock 'n' Roll (but I Like It)"", 'Just Your Fool', 'Under My Thumb', 'Sweet Virginia', ""You Can't Always Get What You Want"", 'Paint It Black', 'Honky Tonk Women', 'The Worst', 'Before They Make Me Run', 'Sympathy for the Devil', 'Miss You', 'Midnight Rambler', ""Jumpin' Jack Flash"", 'Brown Sugar', 'Gimme Shelter', ""(I Can't Get No) Satisfaction""]"
2018-05-25,London Stadium,London,GB,51.5084152563931,-0.125532746315002,No Filter,"[""Jumpin' Jack Flash"", ""Let's Spend the Night Together"", ""It's Only Rock 'n' Roll (but I Like It)"", 'Tumbling Dice', 'Just Your Fool', 'Dead Flowers', 'Wild Horses', ""You Can't Always Get What You Want"", 'Paint It Black', 'Honky Tonk Women', 'The Worst', 'Happy', 'Sympathy for the Devil', 'Miss You', 'Midnight Rambler', 'Start Me Up', 'Brown Sugar', 'Gimme Shelter', ""(I Can't Get No) Satisfaction""]"
2018-05-22,London Stadium,London,GB,51.5084152563931,-0.125532746315002,No Filter,"['Street Fighting Man', ""It's Only Rock 'n' Roll (but I Like It)"", 'Tumbling Dice', 'Paint It Black', ""Ride 'Em on Down"", 'Under My Thumb', 'Fool to Cry', ""You Can't Always Get What You Want"", 'Honky Tonk Women', 'Before They Make Me Run', 'Slipping Away', 'Sympathy for the Devil', 'Miss You', 'Midnight Rambler', 'Start Me Up', ""Jumpin' Jack Flash"", 'Brown Sugar', 'Gimme Shelter', ""(I Can't Get No) Satisfaction""]"
2018-05-17,Croke Park,Dublin,IE,53.3330556,-6.2488889,No Filter,"['Sympathy for the Devil', 'Tumbling Dice', 'Paint It Black', 'Just Your Fool', ""Ride 'Em on Down"", 'Neighbours', 'Wild Horses', ""You Can't Always Get What You Want"", ""It's Only Rock 'n' Roll (but I Like It)"", 'Honky Tonk Women', 'Before They Make Me Run', 'The Worst', 'Miss You', 'Midnight Rambler', 'Start Me Up', ""Jumpin' Jack Flash"", 'Brown Sugar', 'Gimme Shelter', ""(I Can't Get No) Satisfaction""]"
2017-10-25,U Arena,Nanterre,FR,48.9,2.2,No Filter,"['Sympathy for the Devil', ""It's Only Rock 'n' Roll (but I Like It)"", 'Tumbling Dice', 'Just Your Fool', ""Ride 'Em on Down"", ""She's So Cold"", ""She's a Rainbow"", ""You Can't Always Get What You Want"", 'Paint It Black', 'Honky Tonk Women', 'Happy', 'Slipping Away', 'Miss You', 'Midnight Rambler', 'Street Fighting Man', 'Start Me Up', 'Brown Sugar', ""Jumpin' Jack Flash"", 'Gimme Shelter', ""(I Can't Get No) Satisfaction""]"
2017-10-22,U Arena,Nanterre,FR,48.9,2.2,No Filter,"[""Jumpin' Jack Flash"", ""It's Only Rock 'n' Roll (but I Like It)"", 'Tumbling Dice', 'Hate to See You Go', ""Ride 'Em on Down"", 'Dancing With Mr. D', 'Angie', ""You Can't Always Get What You Want"", 'Paint It Black', 'Honky Tonk Women', 'Happy', 'Slipping Away', 'Miss You', 'Midnight Rambler', 'Street Fighting Man', 'Start Me Up', 'Sympathy for the Devil', 'Brown Sugar', 'Gimme Shelter', ""(I Can't Get No) Satisfaction""]"
2017-10-19,U Arena,Nanterre,FR,48.9,2.2,No Filter,"['Sympathy for the Devil', ""It's Only Rock 'n' Roll (but I Like It)"", 'Tumbling Dice', 'Just Your Fool', ""Ride 'Em on Down"", 'Under My Thumb', ""Let's Spend the Night Together"", ""You Can't Always Get What You Want"", 'Paint It Black', 'Honky Tonk Women', 'Happy', 'Slipping Away', 'Miss You', 'Midnight Rambler', 'Street Fighting Man', 'Start Me Up', 'Brown Sugar', ""Jumpin' Jack Flash"", 'Gimme Shelter', ""(I Can't Get No) Satisfaction""]"
2017-10-15,Gelredome,Arnhem,NL,51.98,5.911111,No Filter,"['Sympathy for the Devil', ""It's Only Rock 'n' Roll (but I Like It)"", 'Tumbling Dice', 'Just Your Fool', ""Ride 'Em on Down"", 'Dancing With Mr. D', ""She's So Cold"", ""You Can't Always Get What You Want"", 'Paint It Black', 'Honky Tonk Women', 'Happy', 'Slipping Away', 'Miss You', 'Midnight Rambler', 'Street Fighting Man', 'Start Me Up', 'Brown Sugar', ""Jumpin' Jack Flash"", 'Gimme Shelter', ""(I Can't Get No) Satisfaction""]"
2017-10-12,Friends Arena,Solna,SE,59.3600363042203,18.0008625984192,No Filter,"['Sympathy for the Devil', ""It's Only Rock 'n' Roll (but I Like It)"", 'Tumbling Dice', 'Just Your Fool', ""Ride 'Em on Down"", 'Under My Thumb', 'Sweet Virginia', ""You Can't Always Get What You Want"", 'Paint It Black', 'Honky Tonk Women', 'Happy', 'Slipping Away', 'Miss You', 'Midnight Rambler', 'Street Fighting Man', 'Start Me Up', 'Brown Sugar', ""Jumpin' Jack Flash"", 'Gimme Shelter', ""(I Can't Get No) Satisfaction""]"
2017-10-09,Esprit Arena,Düsseldorf,DE,51.2217225723832,6.77616119384766,No Filter,"['Sympathy for the Devil', ""It's Only Rock 'n' Roll (but I Like It)"", 'Tumbling Dice', 'Just Your Fool', ""Ride 'Em on Down"", 'Bitch', 'Get Off of My Cloud', ""You Can't Always Get What You Want"", 'Paint It Black', 'Honky Tonk Women', 'Happy', 'Slipping Away', 'Miss You', 'Midnight Rambler', 'Street Fighting Man', 'Start Me Up', 'Brown Sugar', ""Jumpin' Jack Flash"", 'Gimme Shelter', ""(I Can't Get No) Satisfaction""]"
2017-10-03,Telia Parken,Copenhagen,DK,55.6776812020993,12.5709342956543,No Filter,"['Sympathy for the Devil', ""It's Only Rock 'n' Roll (but I Like It)"", 'Tumbling Dice', 'Just Your Fool', ""Ride 'Em on Down"", 'Under My Thumb', 'Doo Doo Doo Doo Doo (Heartbreaker)', ""You Can't Always Get What You Want"", 'Paint It Black', 'Honky Tonk Women', 'Happy', 'Slipping Away', 'Miss You', 'Midnight Rambler', 'Street Fighting Man', 'Start Me Up', 'Brown Sugar', ""Jumpin' Jack Flash"", 'Gimme Shelter', ""(I Can't Get No) Satisfaction""]"
2017-09-30,ArenA,Amsterdam,NL,52.373,4.9,No Filter,"['Sympathy for the Devil', ""It's Only Rock 'n' Roll (but I Like It)"", 'Tumbling Dice', 'Just Your Fool', ""Ride 'Em on Down"", 'You Got Me Rocking', 'Shine a Light', ""You Can't Always Get What You Want"", 'Paint It Black', 'Honky Tonk Women', 'Happy', 'Slipping Away', 'Miss You', 'Midnight Rambler', 'Street Fighting Man', 'Start Me Up', 'Brown Sugar', ""Jumpin' Jack Flash"", 'Gimme Shelter', ""(I Can't Get No) Satisfaction""]"
2017-09-27,Estadi Olímpic Lluís Companys,Barcelona,ES,41.3887868890716,2.15898513793945,No Filter,"['Sympathy for the Devil', ""It's Only Rock 'n' Roll (but I Like It)"", 'Tumbling Dice', 'Just Your Fool', ""Ride 'Em on Down"", 'Under My Thumb', 'Rocks Off', ""You Can't Always Get What You Want"", 'Paint It Black', 'Honky Tonk Women', 'Happy', 'Slipping Away', 'Miss You', 'Midnight Rambler', 'Street Fighting Man', 'Start Me Up', 'Brown Sugar', ""Jumpin' Jack Flash"", 'Gimme Shelter', ""(I Can't Get No) Satisfaction""]"
2017-09-23,"Ex Campo Balilla, Mura di Lucca",Lucca,IT,43.8435654491906,10.5058479309082,No Filter,"['Sympathy for the Devil', ""It's Only Rock 'n' Roll (but I Like It)"", 'Tumbling Dice', 'Just Your Fool', ""Ride 'Em on Down"", ""Let's Spend the Night Together"", 'Con le mie lacrime (As Tears Go By)', ""You Can't Always Get What You Want"", 'Paint It Black', 'Honky Tonk Women', 'Happy', 'Slipping Away', 'Miss You', 'Midnight Rambler', 'Street Fighting Man', 'Start Me Up', 'Brown Sugar', ""(I Can't Get No) Satisfaction"", 'Gimme Shelter', ""Jumpin' Jack Flash""]"
2017-09-20,Letzigrund Stadion,Zurich,CH,47.3666667,8.55,No Filter,"['Sympathy for the Devil', ""It's Only Rock 'n' Roll (but I Like It)"", 'Tumbling Dice', 'Hate to See You Go', ""Ride 'Em on Down"", 'Dancing With Mr. D', 'Like a Rolling Stone', ""You Can't Always Get What You Want"", 'Paint It Black', 'Honky Tonk Women', 'Happy', 'Slipping Away', 'Midnight Rambler', 'Miss You', 'Street Fighting Man', 'Start Me Up', 'Brown Sugar', ""(I Can't Get No) Satisfaction"", 'Gimme Shelter', ""Jumpin' Jack Flash""]"
2017-09-16,Red Bull Ring,Spielberg bei Knittelfeld,AT,47.2166667,14.7833333,No Filter,"['Sympathy for the Devil', ""It's Only Rock 'n' Roll (but I Like It)"", 'Tumbling Dice', 'Just Your Fool', ""Ride 'Em on Down"", 'Under My Thumb', ""She's a Rainbow"", ""You Can't Always Get What You Want"", 'Paint It Black', 'Miss You', 'Happy', 'Slipping Away', 'Midnight Rambler', 'Honky Tonk Women', 'Street Fighting Man', 'Start Me Up', 'Brown Sugar', ""(I Can't Get No) Satisfaction"", 'Gimme Shelter', ""Jumpin' Jack Flash""]"
2017-09-12,Olympiastadion,Munich,DE,48.1374325498109,11.5754914283752,No Filter,"['Sympathy for the Devil', ""It's Only Rock 'n' Roll (but I Like It)"", 'Tumbling Dice', 'Out of Control', 'Just Your Fool', ""Ride 'Em on Down"", 'Dancing With Mr. D', ""You Can't Always Get What You Want"", 'Beast of Burden', 'Paint It Black', 'Honky Tonk Women', 'Happy', 'Slipping Away', 'Midnight Rambler', 'Miss You', 'Street Fighting Man', 'Start Me Up', 'Brown Sugar', ""(I Can't Get No) Satisfaction"", 'Gimme Shelter', ""Jumpin' Jack Flash""]"
2017-09-09,Festwiese am Stadtpark,Hamburg,DE,53.55,10.0,No Filter,"['Sympathy for the Devil', ""It's Only Rock 'n' Roll (but I Like It)"", 'Tumbling Dice', 'Out of Control', 'Just Your Fool', ""Ride 'Em on Down"", 'Play With Fire', ""You Can't Always Get What You Want"", 'Dancing With Mr. D', 'Under My Thumb', 'Paint It Black', 'Honky Tonk Women', 'Slipping Away', 'Happy', 'Midnight Rambler', 'Miss You', 'Street Fighting Man', 'Start Me Up', 'Brown Sugar', ""(I Can't Get No) Satisfaction"", 'Gimme Shelter', ""Jumpin' Jack Flash""]"
2017-08-26,Southsea Common,Portsmouth,GB,50.8090805768295,-1.07142448425293,,"[""Jumpin' Jack Flash"", 'Brown Sugar', 'Honky Tonk Women', 'Like a Rolling Stone', 'Paint It Black', ""It's Only Rock 'n' Roll (but I Like It)"", 'Sympathy for the Devil', 'Get Off of My Cloud', ""(I Can't Get No) Satisfaction""]"
2017-08-18,Keswick Theatre,Glenside,US,40.1023326,-75.1521195,,"['She Loves You', 'I Want to Hold Your Hand', 'Eight Days a Week', ""A Hard Day's Night"", ""Can't Buy Me Love"", 'Help!', 'I Saw Her Standing There', 'Twist and Shout', '19th Nervous Breakdown', 'Under My Thumb', 'The Last Time', ""Let's Spend the Night Together"", 'As Tears Go By', 'Get Off of My Cloud', ""Sgt. Pepper's Lonely Hearts Club Band"", 'With a Little Help From My Friends', 'Hello, Goodbye', 'Eleanor Rigby', ""Sgt. Pepper's Lonely Hearts Club Band (Reprise)"", 'A Day in the Life', 'Sympathy for the Devil', 'Paint It Black', 'Gimme Shelter', ""Jumpin' Jack Flash"", 'Get Back', 'While My Guitar Gently Weeps', 'Revolution', 'Hey Jude', 'Start Me Up', 'Miss You', 'Ruby Tuesday', 'Honky Tonk Women', 'Brown Sugar', 'Day Tripper', ""(I Can't Get No) Satisfaction""]"
2017-08-01,Biergarten Rheinaue,Bonn,DE,50.7333333,7.1,,"['Sweet Little Sixteen', ""I'm Just Your Fool"", 'Not Fade Away', 'Under My Thumb', 'Get Off of My Cloud', 'Carol', ""It's All Over Now"", 'Under the Boardwalk', 'Around and Around', 'The Last Time', 'Paint It Black', 'Lady Jane', 'Sweet Virginia', 'Ruby Tuesday', 'Out of Time', 'Tumbling Dice', ""Jumpin' Jack Flash"", 'Out of Control', 'Miss You', 'The Little Red Rooster', 'Love Is Strong', 'Honky Tonk Women', 'Start Me Up', 'Brown Sugar', ""It's Only Rock 'n' Roll (but I Like It)"", ""(I Can't Get No) Satisfaction""]"
2017-03-22,Yoshi's Oakland,Oakland,US,37.8043722,-122.2708026,,['Gimme Shelter']
2016-10-25,Gillette Stadium,Foxborough,US,42.0653768,-71.2478308,,"[""Jumpin' Jack Flash"", ""It's Only Rock 'n' Roll (but I Like It)"", 'Tumbling Dice', 'Street Fighting Man', 'When the Whip Comes Down', 'Honky Tonk Women', 'Little T&A', 'Happy', 'Miss You', 'Gimme Shelter', 'Start Me Up', 'Sympathy for the Devil', 'Brown Sugar', ""(I Can't Get No) Satisfaction""]"
2016-10-22,T-Mobile Arena,Las Vegas,US,36.1749705,-115.137223,In the Desert,"[""Jumpin' Jack Flash"", ""Let's Spend the Night Together"", ""It's Only Rock 'n' Roll (but I Like It)"", 'Tumbling Dice', ""Ride 'Em on Down"", 'Paint It Black', 'Honky Tonk Women', 'Slipping Away', 'Little T&A', 'Happy', 'Midnight Rambler', 'Miss You', 'Gimme Shelter', 'Start Me Up', 'Sympathy for the Devil', 'Brown Sugar', ""You Can't Always Get What You Want"", ""(I Can't Get No) Satisfaction""]"
2016-10-14,Empire Polo Club,Indio,US,33.7205771,-116.2155619,In the Desert,"[""Jumpin' Jack Flash"", 'Get Off of My Cloud', ""It's Only Rock 'n' Roll (but I Like It)"", 'Tumbling Dice', 'Just Your Fool', 'Sweet Virginia', 'Angie', 'Live With Me', 'Paint It Black', 'Honky Tonk Women', 'You Got the Silver', 'Little T&A', 'Midnight Rambler', 'Miss You', 'Gimme Shelter', 'Start Me Up', 'Sympathy for the Devil', 'Brown Sugar', ""You Can't Always Get What You Want"", ""(I Can't Get No) Satisfaction""]"
2016-10-07,Empire Polo Club,Indio,US,33.7205771,-116.2155619,In the Desert,"['Start Me Up', 'You Got Me Rocking', 'Out of Control', ""Ride 'Em on Down"", 'Mixed Emotions', 'Wild Horses', ""It's Only Rock 'n' Roll (but I Like It)"", 'Come Together', 'Tumbling Dice', 'Honky Tonk Women', 'Slipping Away', 'Little T&A', 'Midnight Rambler', 'Miss You', 'Gimme Shelter', 'Sympathy for the Devil', 'Brown Sugar', ""Jumpin' Jack Flash"", ""You Can't Always Get What You Want"", ""(I Can't Get No) Satisfaction""]"
2016-10-03,Bellagio,Las Vegas,US,36.1749705,-115.137223,In the Desert,"['Start Me Up', 'You Got Me Rocking', ""It's Only Rock 'n' Roll (but I Like It)"", 'Out of Control', 'Tumbling Dice', 'Wild Horses', 'Mixed Emotions', 'Honky Tonk Women', 'Miss You', 'Gimme Shelter', 'Brown Sugar', 'Sympathy for the Devil', ""Jumpin' Jack Flash"", ""(I Can't Get No) Satisfaction""]"
2016-04-21,The State Theatre,Harrah,US,35.4895085,-97.1636408,,"['Intro', 'Start Me Up', 'Street Fighting Man', '19th Nervous Breakdown', ""Let's Spend the Night Together"", 'The Last Time', 'Tumbling Dice', 'Waiting on a Friend', ""It's Only Rock 'n' Roll (but I Like It)"", ""Can't You Hear Me Knocking"", 'Sympathy for the Devil', 'Wild Horses', 'Miss You', 'Paint It Black', 'Gimme Shelter', ""Jumpin' Jack Flash"", ""You Can't Always Get What You Want"", 'Happy', 'Honky Tonk Women', 'Brown Sugar', ""(I Can't Get No) Satisfaction""]"
2016-03-25,Ciudad Deportiva,La Habana,CU,21.484,-77.671,América Latina Olé,"[""Jumpin' Jack Flash"", ""It's Only Rock 'n' Roll (but I Like It)"", 'Tumbling Dice', 'Out of Control', 'All Down the Line', 'Angie', 'Paint It Black', 'Honky Tonk Women', 'You Got the Silver', 'Before They Make Me Run', 'Midnight Rambler', 'Miss You', 'Gimme Shelter', 'Start Me Up', 'Sympathy for the Devil', 'Brown Sugar', ""You Can't Always Get What You Want"", ""(I Can't Get No) Satisfaction""]"
2016-03-17,Foro Sol,Mexico City,MX,19.434,-99.139,América Latina Olé,"[""Jumpin' Jack Flash"", ""It's Only Rock 'n' Roll (but I Like It)"", 'Tumbling Dice', 'Out of Control', ""Let's Spend the Night Together"", 'Angie', 'Paint It Black', 'Honky Tonk Women', 'You Got the Silver', 'Happy', 'Midnight Rambler', 'Miss You', 'Gimme Shelter', 'Start Me Up', 'Sympathy for the Devil', 'Brown Sugar', ""You Can't Always Get What You Want"", ""(I Can't Get No) Satisfaction""]"
2016-03-14,Foro Sol,Mexico City,MX,19.434,-99.139,América Latina Olé,"['Start Me Up', ""It's Only Rock 'n' Roll (but I Like It)"", 'Tumbling Dice', 'Out of Control', 'Street Fighting Man', 'Wild Horses', 'Paint It Black', 'Honky Tonk Women', 'You Got the Silver', 'Before They Make Me Run', 'Midnight Rambler', 'Miss You', 'Gimme Shelter', ""Jumpin' Jack Flash"", 'Sympathy for the Devil', 'Brown Sugar', ""You Can't Always Get What You Want"", ""(I Can't Get No) Satisfaction""]"
2016-03-10,Estadio El Campín,Bogota,CO,4.6,-74.083,América Latina Olé,"[""Jumpin' Jack Flash"", ""It's Only Rock 'n' Roll (but I Like It)"", 'Tumbling Dice', 'Dead Flowers', 'Beast of Burden', 'Wild Horses', 'Paint It Black', 'Honky Tonk Women', 'You Got the Silver', 'Before They Make Me Run', 'Midnight Rambler', 'Miss You', 'Gimme Shelter', 'Start Me Up', 'Sympathy for the Devil', 'Brown Sugar', ""You Can't Always Get What You Want"", ""(I Can't Get No) Satisfaction""]"
2016-03-06,Estadio Monumental,Lima,PE,-12.0833333,-77.0833333,América Latina Olé,"['Start Me Up', ""It's Only Rock 'n' Roll (but I Like It)"", 'Tumbling Dice', 'Out of Control', 'Like a Rolling Stone', 'Angie', 'Paint It Black', 'Honky Tonk Women', 'You Got the Silver', 'Before They Make Me Run', 'Midnight Rambler', 'Miss You', 'Gimme Shelter', ""Jumpin' Jack Flash"", 'Sympathy for the Devil', 'Brown Sugar', ""You Can't Always Get What You Want"", ""(I Can't Get No) Satisfaction""]"
2016-03-02,Estádio Beira Rio,Porto Alegre,BR,-30.03305556,-51.23,América Latina Olé,"[""Jumpin' Jack Flash"", ""It's Only Rock 'n' Roll (but I Like It)"", 'Tumbling Dice', 'Out of Control', ""Let's Spend the Night Together"", 'Ruby Tuesday', 'Paint It Black', 'Honky Tonk Women', 'You Got the Silver', 'Before They Make Me Run', 'Midnight Rambler', 'Miss You', 'Gimme Shelter', 'Start Me Up', 'Sympathy for the Devil', 'Brown Sugar', ""You Can't Always Get What You Want"", ""(I Can't Get No) Satisfaction""]"
2016-02-27,Estádio do Morumbi,São Paulo,BR,-23.5475,-46.63611111,América Latina Olé,"[""Jumpin' Jack Flash"", ""It's Only Rock 'n' Roll (but I Like It)"", 'Tumbling Dice', 'Out of Control', 'All Down the Line', ""She's a Rainbow"", 'Wild Horses', 'Paint It Black', 'Honky Tonk Women', 'Slipping Away', 'Before They Make Me Run', 'Midnight Rambler', 'Miss You', 'Gimme Shelter', 'Start Me Up', 'Sympathy for the Devil', 'Brown Sugar', ""You Can't Always Get What You Want"", ""(I Can't Get No) Satisfaction""]"
2016-02-24,Estádio do Morumbi,São Paulo,BR,-23.5475,-46.63611111,América Latina Olé,"['Start Me Up', ""It's Only Rock 'n' Roll (but I Like It)"", 'Tumbling Dice', 'Out of Control', 'Bitch', 'Beast of Burden', 'Worried About You', 'Paint It Black', 'Honky Tonk Women', 'You Got the Silver', 'Happy', 'Midnight Rambler', 'Miss You', 'Gimme Shelter', 'Brown Sugar', 'Sympathy for the Devil', ""Jumpin' Jack Flash"", ""You Can't Always Get What You Want"", ""(I Can't Get No) Satisfaction""]"
2016-02-20,Estádio do Maracanã,Rio de Janeiro,BR,-22.903,-43.208,América Latina Olé,"['Start Me Up', ""It's Only Rock 'n' Roll (but I Like It)"", 'Tumbling Dice', 'Out of Control', 'Like a Rolling Stone', 'Doom and Gloom', 'Angie', 'Paint It Black', 'Honky Tonk Women', 'You Got the Silver', 'Before They Make Me Run', 'Midnight Rambler', 'Miss You', 'Gimme Shelter', 'Brown Sugar', 'Sympathy for the Devil', ""Jumpin' Jack Flash"", ""You Can't Always Get What You Want"", ""(I Can't Get No) Satisfaction""]"
2016-02-16,Estadio Centenario,Montevideo,UY,-34.8580556,-56.1708333,América Latina Olé,"['Start Me Up', ""It's Only Rock 'n' Roll (but I Like It)"", 'Tumbling Dice', 'Out of Control', ""She's So Cold"", 'Wild Horses', 'Paint It Black', 'Honky Tonk Women', 'Slipping Away', ""Can't Be Seen"", 'Midnight Rambler', 'Miss You', 'Gimme Shelter', 'Brown Sugar', 'Sympathy for the Devil', ""Jumpin' Jack Flash"", ""You Can't Always Get What You Want"", ""(I Can't Get No) Satisfaction""]"
2016-02-16,Skipper's Smokehouse,Tampa,US,27.9475216,-82.4584279,,"['Start Me Up', 'All Down the Line', 'Street Fighting Man', 'Tumbling Dice', '19th Nervous Breakdown', ""Let's Spend the Night Together"", 'Time Is on My Side', 'Carol', 'Get Off of My Cloud', ""Can't You Hear Me Knocking"", 'Sympathy for the Devil', 'Live With Me', 'Bitch', 'Midnight Rambler', 'Doo Doo Doo Doo Doo (Heartbreaker)', 'Monkey Man', 'Paint It Black', 'Gimme Shelter', ""Jumpin' Jack Flash""]"
2016-02-13,Estadio Ciudad de La Plata,La Plata,AR,-34.9313889,-57.9488889,América Latina Olé,"['Start Me Up', ""It's Only Rock 'n' Roll (but I Like It)"", 'Tumbling Dice', 'Out of Control', 'Beast of Burden', 'You Got Me Rocking', 'Paint It Black', 'Honky Tonk Women', 'You Got the Silver', 'Happy', 'Midnight Rambler', 'Miss You', 'Gimme Shelter', 'Brown Sugar', 'Sympathy for the Devil', ""Jumpin' Jack Flash"", ""You Can't Always Get What You Want"", ""(I Can't Get No) Satisfaction""]"
2016-02-10,Estadio Ciudad de La Plata,La Plata,AR,-34.9313889,-57.9488889,América Latina Olé,"[""Jumpin' Jack Flash"", ""Let's Spend the Night Together"", ""It's Only Rock 'n' Roll (but I Like It)"", 'Tumbling Dice', 'Out of Control', 'Angie', 'Paint It Black', ""Can't You Hear Me Knocking"", 'Honky Tonk Women', 'Slipping Away', 'Before They Make Me Run', 'Midnight Rambler', 'Miss You', 'Gimme Shelter', 'Start Me Up', 'Sympathy for the Devil', 'Brown Sugar', ""You Can't Always Get What You Want"", ""(I Can't Get No) Satisfaction""]"
2016-02-07,Estadio Ciudad de La Plata,La Plata,AR,-34.9313889,-57.9488889,América Latina Olé,"['Start Me Up', ""It's Only Rock 'n' Roll (but I Like It)"", 'Tumbling Dice', 'Out of Control', 'Street Fighting Man', 'Anybody Seen My Baby?', 'Wild Horses', 'Paint It Black', 'Honky Tonk Women', ""Can't Be Seen"", 'Happy', 'Midnight Rambler', 'Miss You', 'Gimme Shelter', 'Brown Sugar', 'Sympathy for the Devil', ""Jumpin' Jack Flash"", ""You Can't Always Get What You Want"", ""(I Can't Get No) Satisfaction""]"
2016-02-03,Estadio Nacional,Santiago,CL,-33.426,-70.567,América Latina Olé,"['Start Me Up', ""It's Only Rock 'n' Roll (but I Like It)"", ""Let's Spend the Night Together"", 'Tumbling Dice', 'Out of Control', ""She's a Rainbow"", 'Wild Horses', 'Paint It Black', 'Honky Tonk Women', 'You Got the Silver', 'Happy', 'Midnight Rambler', 'Miss You', 'Gimme Shelter', ""Jumpin' Jack Flash"", 'Sympathy for the Devil', 'Brown Sugar', ""You Can't Always Get What You Want"", ""(I Can't Get No) Satisfaction""]"
2015-07-15,Plaines d'Abraham,Quebec City,CA,46.812,-71.215,Zip Code,"['Start Me Up', ""It's Only Rock 'n' Roll (but I Like It)"", 'All Down the Line', 'Tumbling Dice', 'Street Fighting Man', 'Wild Horses', 'Bitch', 'Honky Tonk Women', 'Before They Make Me Run', 'Happy', 'Midnight Rambler', 'Miss You', 'Gimme Shelter', ""Jumpin' Jack Flash"", 'Sympathy for the Devil', 'Brown Sugar', ""You Can't Always Get What You Want"", ""(I Can't Get No) Satisfaction""]"
2015-07-11,Ralph Wilson Stadium,Orchard Park,US,42.7675593,-78.7439189,Zip Code,"[""Jumpin' Jack Flash"", ""It's Only Rock 'n' Roll (but I Like It)"", 'You Got Me Rocking', 'Tumbling Dice', 'Out of Control', 'Wild Horses', ""Can't You Hear Me Knocking"", ""Let's Spend the Night Together"", 'Honky Tonk Women', 'Before They Make Me Run', 'Happy', 'Midnight Rambler', 'Miss You', 'Gimme Shelter', 'Start Me Up', 'Sympathy for the Devil', 'Brown Sugar', ""You Can't Always Get What You Want"", ""(I Can't Get No) Satisfaction""]"
2015-07-08,Comerica Park,Detroit,US,42.331427,-83.0457538,Zip Code,"[""Jumpin' Jack Flash"", ""It's Only Rock 'n' Roll (but I Like It)"", 'All Down the Line', 'Tumbling Dice', 'Just My Imagination (Running Away With Me)', 'Rocks Off', 'Moonlight Mile', 'Bitch', 'Honky Tonk Women', 'Before They Make Me Run', 'Happy', 'Midnight Rambler', 'Miss You', 'Gimme Shelter', 'Start Me Up', 'Sympathy for the Devil', 'Brown Sugar', ""You Can't Always Get What You Want"", ""(I Can't Get No) Satisfaction""]"
